{
    "name": "root",
    "gauges": {
        "RocketAgent2.Policy.Entropy.mean": {
            "value": 0.9780929684638977,
            "min": 0.9776045680046082,
            "max": 1.0228745937347412,
            "count": 20
        },
        "RocketAgent2.Policy.Entropy.sum": {
            "value": 9763.32421875,
            "min": 9763.32421875,
            "max": 10190.529296875,
            "count": 20
        },
        "RocketAgent2.Environment.EpisodeLength.mean": {
            "value": 25.477453580901855,
            "min": 25.477453580901855,
            "max": 50.942708333333336,
            "count": 20
        },
        "RocketAgent2.Environment.EpisodeLength.sum": {
            "value": 9605.0,
            "min": 9598.0,
            "max": 9811.0,
            "count": 20
        },
        "RocketAgent2.Step.mean": {
            "value": 699974.0,
            "min": 509957.0,
            "max": 699974.0,
            "count": 20
        },
        "RocketAgent2.Step.sum": {
            "value": 699974.0,
            "min": 509957.0,
            "max": 699974.0,
            "count": 20
        },
        "RocketAgent2.Policy.ExtrinsicValueEstimate.mean": {
            "value": 0.5453100800514221,
            "min": 0.2889779806137085,
            "max": 0.5453100800514221,
            "count": 20
        },
        "RocketAgent2.Policy.ExtrinsicValueEstimate.sum": {
            "value": 210.4897003173828,
            "min": 76.8681411743164,
            "max": 210.4897003173828,
            "count": 20
        },
        "RocketAgent2.Environment.CumulativeReward.mean": {
            "value": 0.645491466914311,
            "min": 0.4573994484281293,
            "max": 0.645491466914311,
            "count": 20
        },
        "RocketAgent2.Environment.CumulativeReward.sum": {
            "value": 243.35028302669525,
            "min": 88.27809354662895,
            "max": 243.35028302669525,
            "count": 20
        },
        "RocketAgent2.Policy.ExtrinsicReward.mean": {
            "value": 0.645491466914311,
            "min": 0.4573994484281293,
            "max": 0.645491466914311,
            "count": 20
        },
        "RocketAgent2.Policy.ExtrinsicReward.sum": {
            "value": 243.35028302669525,
            "min": 88.27809354662895,
            "max": 243.35028302669525,
            "count": 20
        },
        "RocketAgent2.Losses.PolicyLoss.mean": {
            "value": 0.24316191358044528,
            "min": 0.23543752726640815,
            "max": 0.2500770590677399,
            "count": 20
        },
        "RocketAgent2.Losses.PolicyLoss.sum": {
            "value": 20.911924567918295,
            "min": 19.218244556632285,
            "max": 20.911924567918295,
            "count": 20
        },
        "RocketAgent2.Losses.ValueLoss.mean": {
            "value": 0.014754089700640278,
            "min": 0.01361483763463913,
            "max": 0.03176438670950727,
            "count": 20
        },
        "RocketAgent2.Losses.ValueLoss.sum": {
            "value": 1.268851714255064,
            "min": 1.1300315236750478,
            "max": 2.668208483598611,
            "count": 20
        },
        "RocketAgent2.Policy.LearningRate.mean": {
            "value": 2.1451192185481727e-06,
            "min": 2.1451192185481727e-06,
            "max": 8.354918788266365e-05,
            "count": 20
        },
        "RocketAgent2.Policy.LearningRate.sum": {
            "value": 0.00018448025279514286,
            "min": 0.00018448025279514286,
            "max": 0.006600385842730428,
            "count": 20
        },
        "RocketAgent2.Policy.Epsilon.mean": {
            "value": 0.10071500664451827,
            "min": 0.10071500664451827,
            "max": 0.12784970524412298,
            "count": 20
        },
        "RocketAgent2.Policy.Epsilon.sum": {
            "value": 8.66149057142857,
            "min": 8.66149057142857,
            "max": 10.137917428571429,
            "count": 20
        },
        "RocketAgent2.Policy.Beta.mean": {
            "value": 0.0005000000000000001,
            "min": 0.0005000000000000001,
            "max": 0.0005000000000000001,
            "count": 20
        },
        "RocketAgent2.Policy.Beta.sum": {
            "value": 0.04300000000000001,
            "min": 0.03950000000000001,
            "max": 0.04300000000000001,
            "count": 20
        },
        "RocketAgent2.IsTraining.mean": {
            "value": 1.0,
            "min": 1.0,
            "max": 1.0,
            "count": 20
        },
        "RocketAgent2.IsTraining.sum": {
            "value": 1.0,
            "min": 1.0,
            "max": 1.0,
            "count": 20
        }
    },
    "metadata": {
        "timer_format_version": "0.1.0",
        "start_time_seconds": "1705426967",
        "python_version": "3.10.12 | packaged by Anaconda, Inc. | (main, Jul  5 2023, 19:01:18) [MSC v.1916 64 bit (AMD64)]",
        "command_line_arguments": "C:\\Users\\nidea\\anaconda3\\envs\\example\\Scripts\\mlagents-learn Scripts\\AI\\Config\\Rocket.yaml --run-id=V2RocketRun --resume",
        "mlagents_version": "1.1.0.dev0",
        "mlagents_envs_version": "1.1.0.dev0",
        "communication_protocol_version": "1.5.0",
        "pytorch_version": "2.1.2+cpu",
        "numpy_version": "1.23.5",
        "end_time_seconds": "1705429847"
    },
    "total": 2880.3348012999923,
    "count": 1,
    "self": 0.09201779999420978,
    "children": {
        "run_training.setup": {
            "total": 0.2960259999963455,
            "count": 1,
            "self": 0.2960259999963455
        },
        "TrainerController.start_learning": {
            "total": 2879.9467575000017,
            "count": 1,
            "self": 5.957524896541145,
            "children": {
                "TrainerController._reset_env": {
                    "total": 43.44969370000763,
                    "count": 1,
                    "self": 43.44969370000763
                },
                "TrainerController.advance": {
                    "total": 2829.7803575034486,
                    "count": 205399,
                    "self": 5.810084215918323,
                    "children": {
                        "env_step": {
                            "total": 2310.2117856924597,
                            "count": 205399,
                            "self": 2079.6048064857314,
                            "children": {
                                "SubprocessEnvManager._take_step": {
                                    "total": 226.64210651029134,
                                    "count": 205399,
                                    "self": 15.323149912583176,
                                    "children": {
                                        "TorchPolicy.evaluate": {
                                            "total": 211.31895659770817,
                                            "count": 199946,
                                            "self": 211.31895659770817
                                        }
                                    }
                                },
                                "workers": {
                                    "total": 3.9648726964369416,
                                    "count": 205399,
                                    "self": 0.0,
                                    "children": {
                                        "worker_root": {
                                            "total": 2831.154088102194,
                                            "count": 205399,
                                            "is_parallel": true,
                                            "self": 1020.7929072991246,
                                            "children": {
                                                "steps_from_proto": {
                                                    "total": 0.0027612000121735036,