{
    "name": "root",
    "gauges": {
        "RocketAgent2.Policy.Entropy.mean": {
            "value": 1.0231939554214478,
            "min": 1.023054599761963,
            "max": 1.4024872779846191,
            "count": 50
        },
        "RocketAgent2.Policy.Entropy.sum": {
            "value": 10262.6357421875,
            "min": 10219.29296875,
            "max": 14104.814453125,
            "count": 50
        },
        "RocketAgent2.Environment.EpisodeLength.mean": {
            "value": 36.46616541353384,
            "min": 36.46616541353384,
            "max": 106.94623655913979,
            "count": 50
        },
        "RocketAgent2.Environment.EpisodeLength.sum": {
            "value": 9700.0,
            "min": 9700.0,
            "max": 10041.0,
            "count": 50
        },
        "RocketAgent2.Step.mean": {
            "value": 499994.0,
            "min": 9993.0,
            "max": 499994.0,
            "count": 50
        },
        "RocketAgent2.Step.sum": {
            "value": 499994.0,
            "min": 9993.0,
            "max": 499994.0,
            "count": 50
        },
        "RocketAgent2.Policy.ExtrinsicValueEstimate.mean": {
            "value": 0.43443429470062256,
            "min": -0.2470216602087021,
            "max": 0.46112892031669617,
            "count": 50
        },
        "RocketAgent2.Policy.ExtrinsicValueEstimate.sum": {
            "value": 132.50245666503906,
            "min": -51.874549865722656,
            "max": 135.5718994140625,
            "count": 50
        },
        "RocketAgent2.Environment.CumulativeReward.mean": {
            "value": 0.5645019682159138,
            "min": -0.4446823977905771,
            "max": 0.5899917294620087,
            "count": 50
        },
        "RocketAgent2.Environment.CumulativeReward.sum": {
            "value": 150.722025513649,
            "min": -51.13847574591637,
            "max": 152.80785793066025,
            "count": 50
        },
        "RocketAgent2.Policy.ExtrinsicReward.mean": {
            "value": 0.5645019682159138,
            "min": -0.4446823977905771,
            "max": 0.5899917294620087,
            "count": 50
        },
        "RocketAgent2.Policy.ExtrinsicReward.sum": {
            "value": 150.722025513649,
            "min": -51.13847574591637,
            "max": 152.80785793066025,
            "count": 50
        },
        "RocketAgent2.Losses.PolicyLoss.mean": {
            "value": 0.24090340835496535,
            "min": 0.23715184189248273,
            "max": 0.25189568017727537,
            "count": 50
        },
        "RocketAgent2.Losses.PolicyLoss.sum": {
            "value": 19.75407948510716,
            "min": 17.867899384541595,
            "max": 20.568828242060253,
            "count": 50
        },
        "RocketAgent2.Losses.ValueLoss.mean": {
            "value": 0.025265808586642274,
            "min": 0.01767928398809807,
            "max": 0.046250045418918334,
            "count": 50
        },
        "RocketAgent2.Losses.ValueLoss.sum": {
            "value": 2.0717963041046663,
            "min": 1.4497012870240416,
            "max": 3.6537535880945486,
            "count": 50
        },
        "RocketAgent2.Policy.LearningRate.mean": {
            "value": 2.9960014403902445e-06,
            "min": 2.9960014403902445e-06,
            "max": 0.000296998671886519,
            "count": 50
        },
        "RocketAgent2.Policy.LearningRate.sum": {
            "value": 0.00024567211811200005,
            "min": 0.00024567211811200005,
            "max": 0.023462895079035002,
            "count": 50
        },
        "RocketAgent2.Policy.Epsilon.mean": {
            "value": 0.10099863414634148,
            "min": 0.10099863414634148,
            "max": 0.19899955696202534,
            "count": 50
        },
        "RocketAgent2.Policy.Epsilon.sum": {
            "value": 8.281888000000002,
            "min": 8.281888000000002,
            "max": 15.720965000000001,
            "count": 50
        },
        "RocketAgent2.Policy.Beta.mean": {
            "value": 0.0005000000000000001,
            "min": 0.0005000000000000001,
            "max": 0.0005000000000000001,
            "count": 50
        },
        "RocketAgent2.Policy.Beta.sum": {
            "value": 0.04100000000000001,
            "min": 0.037500000000000006,
            "max": 0.04100000000000001,
            "count": 50
        },
        "RocketAgent2.IsTraining.mean": {
            "value": 1.0,
            "min": 1.0,
            "max": 1.0,
            "count": 50
        },
        "RocketAgent2.IsTraining.sum": {
            "value": 1.0,
            "min": 1.0,
            "max": 1.0,
            "count": 50
        }
    },
    "metadata": {
        "timer_format_version": "0.1.0",
        "start_time_seconds": "1705345632",
        "python_version": "3.10.12 | packaged by Anaconda, Inc. | (main, Jul  5 2023, 19:01:18) [MSC v.1916 64 bit (AMD64)]",
        "command_line_arguments": "C:\\Users\\nidea\\anaconda3\\envs\\example\\Scripts\\mlagents-learn Scripts\\AI\\Config\\Rocket.yaml --run-id=V2RocketRun --force",
        "mlagents_version": "1.1.0.dev0",
        "mlagents_envs_version": "1.1.0.dev0",
        "communication_protocol_version": "1.5.0",
        "pytorch_version": "2.1.2+cpu",
        "numpy_version": "1.23.5",
        "end_time_seconds": "1705352881"
    },
    "total": 7248.8868195000105,
    "count": 1,
    "self": 0.3680494000436738,
    "children": {
        "run_training.setup": {
            "total": 0.15473099998780526,
            "count": 1,
            "self": 0.15473099998780526
        },
        "TrainerController.start_learning": {
            "total": 7248.364039099979,
            "count": 1,
            "self": 15.084885987540474,
            "children": {
                "TrainerController._reset_env": {
                    "total": 30.13147900000331,
                    "count": 1,
                    "self": 30.13147900000331
                },
                "TrainerController.advance": {
                    "total": 7202.948078912421,
                    "count": 506911,
                    "self": 14.004430017550476,
                    "children": {
                        "env_step": {
                            "total": 5894.208578291233,
                            "count": 506911,
                            "self": 5304.260838200018,
                            "children": {
                                "SubprocessEnvManager._take_step": {
                                    "total": 580.0813206958992,
                                    "count": 506911,
                                    "self": 39.73788578741369,
                                    "children": {
                                        "TorchPolicy.evaluate": {
                                            "total": 540.3434349084855,
                                            "count": 500058,
                                            "self": 540.3434349084855
                                        }
                                    }
                                },
                                "workers": {
                                    "total": 9.86641939531546,
                                    "count": 506911,
                                    "self": 0.0,
                                    "children": {
                                        "worker_root": {
                                            "total": 7200.0392502928735,
                                            "count": 506911,
                                            "is_parallel": true,
                                            "self": 2573.8535231035494,
                                            "children": {
                                                "steps_from_proto": {
                                                    "total": 0.0024551999813411385,