{"count":1,"self":1115.2082943999999,"total":2166.5606118,"children":{"InitializeActuators":{"count":1,"self":0.0019906999999999998,"total":0.0019906999999999998,"children":null},"InitializeSensors":{"count":1,"self":0.0019744,"total":0.0019744,"children":null},"AgentSendState":{"count":1553734,"self":5.7779104,"total":11.3049663,"children":{"CollectObservations":{"count":155374,"self":0.78260299999999994,"total":0.78260299999999994,"children":null},"WriteActionMask":{"count":155374,"self":0.22386419999999999,"total":0.22386419999999999,"children":null},"RequestDecision":{"count":155374,"self":1.1438465,"total":4.5205886,"children":{"AgentInfo.ToProto":{"count":155374,"self":1.2584678,"total":3.3767421,"children":{"GenerateSensorData":{"count":155374,"self":2.1182744,"total":2.1182743,"children":null}}}}}}},"DecideAction":{"count":1553734,"self":1033.3719552,"total":1033.3719226,"children":null},"AgentAct":{"count":1553734,"self":6.6473976,"total":6.6704992999999995,"children":{"AgentInfo.ToProto":{"count":845,"self":0.0100926,"total":0.0231015,"children":{"GenerateSensorData":{"count":845,"self":0.013008899999999999,"total":0.013008899999999999,"children":null}}}}}},"gauges":{"WandererAgent.CumulativeReward":{"count":845,"max":1.739241,"min":-1.019944,"runningAverage":0.799915254,"value":1.41779792,"weightedAverage":1.24008679}},"metadata":{"timer_format_version":"0.1.0","start_time_seconds":"1705869213","unity_version":"2022.3.3f1","command_line_arguments":"C:\\Program Files\\Unity\\Hub\\Editor\\2022.3.3f1\\Editor\\Unity.exe -projectpath F:\\Archivos Varios\\Proyectos\\Master Videojuegos\\IA\\IA R1 -useHub -hubIPC -cloudEnvironment production","communication_protocol_version":"1.5.0","com.unity.ml-agents_version":"3.0.0-exp.1","scene_name":"ML Training Center","end_time_seconds":"1705871379"}}