{"count":1,"self":64.742623999999992,"total":65.2983321,"children":{"InitializeActuators":{"count":1,"self":0.0029923,"total":0.0029923,"children":null},"InitializeSensors":{"count":1,"self":0.0019955999999999997,"total":0.0019955999999999997,"children":null},"AgentSendState":{"count":2965,"self":0.025911399999999998,"total":0.044076399999999995,"children":{"CollectObservations":{"count":297,"self":0.00095889999999999994,"total":0.00095889999999999994,"children":null},"WriteActionMask":{"count":297,"self":0.0029595999999999997,"total":0.0029595999999999997,"children":null},"RequestDecision":{"count":297,"self":0.014246499999999999,"total":0.014246499999999999,"children":null}}},"DecideAction":{"count":2965,"self":0.4796643,"total":0.4796643,"children":null},"AgentAct":{"count":2965,"self":0.0269807,"total":0.0269807,"children":null}},"gauges":{"RocketAgent.CumulativeReward":{"count":39,"max":2,"min":0,"runningAverage":1.05128193,"value":1,"weightedAverage":1.19236493}},"metadata":{"timer_format_version":"0.1.0","start_time_seconds":"1705265930","unity_version":"2022.3.3f1","command_line_arguments":"C:\\Program Files\\Unity\\Hub\\Editor\\2022.3.3f1\\Editor\\Unity.exe -projectpath F:\\Archivos Varios\\Proyectos\\Master Videojuegos\\IA\\IA R1 -useHub -hubIPC -cloudEnvironment production","communication_protocol_version":"1.5.0","com.unity.ml-agents_version":"3.0.0-exp.1","scene_name":"Pelota","end_time_seconds":"1705265995"}}