{
    "name": "root",
    "gauges": {
        "WandererAgent.Policy.Entropy.mean": {
            "value": 1.2555115222930908,
            "min": 1.2555115222930908,
            "max": 1.41782808303833,
            "count": 11
        },
        "WandererAgent.Policy.Entropy.sum": {
            "value": 12590.26953125,
            "min": 12590.26953125,
            "max": 14234.994140625,
            "count": 11
        },
        "WandererAgent.Step.mean": {
            "value": 109992.0,
            "min": 9976.0,
            "max": 109992.0,
            "count": 11
        },
        "WandererAgent.Step.sum": {
            "value": 109992.0,
            "min": 9976.0,
            "max": 109992.0,
            "count": 11
        },
        "WandererAgent.Policy.ExtrinsicValueEstimate.mean": {
            "value": -0.1433403044939041,
            "min": -0.2222858965396881,
            "max": -0.10515614598989487,
            "count": 11
        },
        "WandererAgent.Policy.ExtrinsicValueEstimate.sum": {
            "value": -23.507810592651367,
            "min": -42.23432159423828,
            "max": -18.086856842041016,
            "count": 11
        },
        "WandererAgent.Losses.PolicyLoss.mean": {
            "value": 0.24190231094682474,
            "min": 0.23882106557290206,
            "max": 0.24562651645389982,
            "count": 11
        },
        "WandererAgent.Losses.PolicyLoss.sum": {
            "value": 18.86838025385233,
            "min": 18.150400983540557,
            "max": 19.108660355386114,
            "count": 11
        },
        "WandererAgent.Losses.ValueLoss.mean": {
            "value": 0.004430934817802507,
            "min": 0.004430934817802507,
            "max": 0.023256149915945122,
            "count": 11
        },
        "WandererAgent.Losses.ValueLoss.sum": {
            "value": 0.34561291578859554,
            "min": 0.34561291578859554,
            "max": 1.7907235435277744,
            "count": 11
        },
        "WandererAgent.Policy.LearningRate.mean": {
            "value": 0.0002370104133042282,
            "min": 0.0002370104133042282,
            "max": 0.0002969999542467688,
            "count": 11
        },
        "WandererAgent.Policy.LearningRate.sum": {
            "value": 0.0184868122377298,
            "min": 0.0184868122377298,
            "max": 0.022989424436858592,
            "count": 11
        },
        "WandererAgent.Policy.Epsilon.mean": {
            "value": 0.17900346410256412,
            "min": 0.17900346410256412,
            "max": 0.19899998441558445,
            "count": 11
        },
        "WandererAgent.Policy.Epsilon.sum": {
            "value": 13.9622702,
            "min": 13.937211600000001,
            "max": 15.563141400000003,
            "count": 11
        },
        "WandererAgent.Policy.Beta.mean": {
            "value": 0.0005000000000000001,
            "min": 0.0005000000000000001,
            "max": 0.0005000000000000001,
            "count": 11
        },
        "WandererAgent.Policy.Beta.sum": {
            "value": 0.03900000000000001,
            "min": 0.038000000000000006,
            "max": 0.03950000000000001,
            "count": 11
        },
        "WandererAgent.Environment.EpisodeLength.mean": {
            "value": 688.8666666666667,
            "min": 151.03030303030303,
            "max": 688.8666666666667,
            "count": 11
        },
        "WandererAgent.Environment.EpisodeLength.sum": {
            "value": 10333.0,
            "min": 9379.0,
            "max": 10605.0,
            "count": 11
        },
        "WandererAgent.Environment.CumulativeReward.mean": {
            "value": -1.0338729622463385,
            "min": -1.0338729622463385,
            "max": -0.37696711098154384,
            "count": 11
        },
        "WandererAgent.Environment.CumulativeReward.sum": {
            "value": -15.508094433695078,
            "min": -42.60696865990758,
            "max": -15.508094433695078,
            "count": 11
        },
        "WandererAgent.Policy.ExtrinsicReward.mean": {
            "value": -1.0338729622463385,
            "min": -1.0338729622463385,
            "max": -0.37696711098154384,
            "count": 11
        },
        "WandererAgent.Policy.ExtrinsicReward.sum": {
            "value": -15.508094433695078,
            "min": -42.60696865990758,
            "max": -15.508094433695078,
            "count": 11
        },
        "WandererAgent.IsTraining.mean": {
            "value": 1.0,
            "min": 1.0,
            "max": 1.0,
            "count": 11
        },
        "WandererAgent.IsTraining.sum": {
            "value": 1.0,
            "min": 1.0,
            "max": 1.0,
            "count": 11
        }
    },
    "metadata": {
        "timer_format_version": "0.1.0",
        "start_time_seconds": "1705837833",
        "python_version": "3.10.12 | packaged by Anaconda, Inc. | (main, Jul  5 2023, 19:01:18) [MSC v.1916 64 bit (AMD64)]",
        "command_line_arguments": "C:\\Users\\nidea\\anaconda3\\envs\\example\\Scripts\\mlagents-learn Scripts\\AI\\Config\\Wanderer.yaml --run-id=firstWanderRun --force",
        "mlagents_version": "1.1.0.dev0",
        "mlagents_envs_version": "1.1.0.dev0",
        "communication_protocol_version": "1.5.0",
        "pytorch_version": "2.1.2+cpu",
        "numpy_version": "1.23.5",
        "end_time_seconds": "1705839908"
    },
    "total": 2075.4450706000207,
    "count": 1,
    "self": 0.012671000004047528,
    "children": {
        "run_training.setup": {
            "total": 0.15636550000635907,
            "count": 1,
            "self": 0.15636550000635907
        },
        "TrainerController.start_learning": {
            "total": 2075.2760341000103,
            "count": 1,
            "self": 3.3545003016188275,
            "children": {
                "TrainerController._reset_env": {
                    "total": 8.837114499998279,
                    "count": 1,
                    "self": 8.837114499998279
                },
                "TrainerController.advance": {
                    "total": 2062.68152209837,
                    "count": 116598,
                    "self": 3.1586002985422965,
                    "children": {
                        "env_step": {
                            "total": 1819.9800786931883,
                            "count": 116598,
                            "self": 1694.178905595356,
                            "children": {
                                "SubprocessEnvManager._take_step": {
                                    "total": 123.55022760049906,
                                    "count": 116598,
                                    "self": 8.767372801550664,
                                    "children": {
                                        "TorchPolicy.evaluate": {
                                            "total": 114.78285479894839,
                                            "count": 116219,
                                            "self": 114.78285479894839
                                        }
                                    }
                                },
                                "workers": {
                                    "total": 2.250945497333305,
                                    "count": 116597,
                                    "self": 0.0,
                                    "children": {
                                        "worker_root": {
                                            "total": 2062.4293374001572,
                                            "count": 116597,
                                            "is_parallel": true,
                                            "self": 519.8300964004593,