{
    "name": "root",
    "gauges": {
        "WandererAgent.Policy.Entropy.mean": {
            "value": 1.1181527376174927,
            "min": 1.1181527376174927,
            "max": 1.283119559288025,
            "count": 16
        },
        "WandererAgent.Policy.Entropy.sum": {
            "value": 11170.345703125,
            "min": 3375.887451171875,
            "max": 12680.673828125,
            "count": 16
        },
        "WandererAgent.Environment.EpisodeLength.mean": {
            "value": 197.3921568627451,
            "min": 159.20967741935485,
            "max": 198.04,
            "count": 16
        },
        "WandererAgent.Environment.EpisodeLength.sum": {
            "value": 10067.0,
            "min": 2617.0,
            "max": 10154.0,
            "count": 16
        },
        "WandererAgent.Step.mean": {
            "value": 259948.0,
            "min": 109966.0,
            "max": 259948.0,
            "count": 16
        },
        "WandererAgent.Step.sum": {
            "value": 259948.0,
            "min": 109966.0,
            "max": 259948.0,
            "count": 16
        },
        "WandererAgent.Policy.ExtrinsicValueEstimate.mean": {
            "value": 0.6377982497215271,
            "min": 0.09190942347049713,
            "max": 0.6506593227386475,
            "count": 16
        },
        "WandererAgent.Policy.ExtrinsicValueEstimate.sum": {
            "value": 63.77982711791992,
            "min": 10.110036849975586,
            "max": 65.71659088134766,
            "count": 16
        },
        "WandererAgent.Environment.CumulativeReward.mean": {
            "value": 1.246775300502777,
            "min": 0.18604781337442897,
            "max": 1.246775300502777,
            "count": 16
        },
        "WandererAgent.Environment.CumulativeReward.sum": {
            "value": 62.338765025138855,
            "min": 11.534964429214597,
            "max": 63.217829033732414,
            "count": 16
        },
        "WandererAgent.Policy.ExtrinsicReward.mean": {
            "value": 1.246775300502777,
            "min": 0.18604781337442897,
            "max": 1.246775300502777,
            "count": 16
        },
        "WandererAgent.Policy.ExtrinsicReward.sum": {
            "value": 62.338765025138855,
            "min": 11.534964429214597,
            "max": 63.217829033732414,
            "count": 16
        },
        "WandererAgent.Losses.PolicyLoss.mean": {
            "value": 0.2548594912513298,
            "min": 0.24303597206159,
            "max": 0.2548594912513298,
            "count": 16
        },
        "WandererAgent.Losses.PolicyLoss.sum": {
            "value": 8.410363211293882,
            "min": 1.9788677720330419,
            "max": 8.87994946840781,
            "count": 16
        },
        "WandererAgent.Losses.ValueLoss.mean": {
            "value": 0.008254452325332265,
            "min": 0.007603121151815434,
            "max": 0.023126525804647406,
            "count": 16
        },
        "WandererAgent.Losses.ValueLoss.sum": {
            "value": 0.2723969267359648,
            "min": 0.14806072768216555,
            "max": 0.8325549289673067,
            "count": 16
        },
        "WandererAgent.Policy.LearningRate.mean": {
            "value": 8.300448164200001e-05,
            "min": 8.300448164200001e-05,
            "max": 9.27532072468e-05,
            "count": 16
        },
        "WandererAgent.Policy.LearningRate.sum": {
            "value": 0.0027391478941860004,
            "min": 0.0007420256579744,
            "max": 0.0032043882622788,
            "count": 16
        },
        "WandererAgent.Policy.Epsilon.mean": {
            "value": 0.18300446464646467,
            "min": 0.18300446464646467,
            "max": 0.1927532,
            "count": 16
        },
        "WandererAgent.Policy.Epsilon.sum": {
            "value": 6.039147333333334,
            "min": 1.5420256,
            "max": 6.804387866666666,
            "count": 16
        },
        "WandererAgent.Policy.Beta.mean": {
            "value": 0.0005000000000000001,
            "min": 0.0005,
            "max": 0.0005000000000000001,
            "count": 16
        },
        "WandererAgent.Policy.Beta.sum": {
            "value": 0.016500000000000004,
            "min": 0.004,
            "max": 0.018000000000000002,
            "count": 16
        },
        "WandererAgent.IsTraining.mean": {
            "value": 1.0,
            "min": 1.0,
            "max": 1.0,
            "count": 16
        },
        "WandererAgent.IsTraining.sum": {
            "value": 1.0,
            "min": 1.0,
            "max": 1.0,
            "count": 16
        }
    },
    "metadata": {
        "timer_format_version": "0.1.0",
        "start_time_seconds": "1705869205",
        "python_version": "3.10.12 | packaged by Anaconda, Inc. | (main, Jul  5 2023, 19:01:18) [MSC v.1916 64 bit (AMD64)]",
        "command_line_arguments": "C:\\Users\\nidea\\anaconda3\\envs\\example\\Scripts\\mlagents-learn Scripts\\AI\\Config\\Wanderer2.yaml --run-id=3layerWander --resume",
        "mlagents_version": "1.1.0.dev0",
        "mlagents_envs_version": "1.1.0.dev0",
        "communication_protocol_version": "1.5.0",
        "pytorch_version": "2.1.2+cpu",
        "numpy_version": "1.23.5",
        "end_time_seconds": "1705871375"
    },
    "total": 2169.8898882000067,
    "count": 1,
    "self": 0.013042400008998811,
    "children": {
        "run_training.setup": {
            "total": 0.15230529999826103,
            "count": 1,
            "self": 0.15230529999826103
        },
        "TrainerController.start_learning": {
            "total": 2169.7245404999994,
            "count": 1,
            "self": 4.245937711850274,
            "children": {
                "TrainerController._reset_env": {
                    "total": 8.435660300019663,
                    "count": 1,
                    "self": 8.435660300019663
                },
                "TrainerController.advance": {
                    "total": 2156.9096760881366,
                    "count": 156061,
                    "self": 4.220132691669278,
                    "children": {
                        "env_step": {
                            "total": 1784.4433708936267,
                            "count": 156061,
                            "self": 1617.622155195364,
                            "children": {
                                "SubprocessEnvManager._take_step": {
                                    "total": 163.96372430110932,
                                    "count": 156061,
                                    "self": 11.02370629014331,
                                    "children": {
                                        "TorchPolicy.evaluate": {
                                            "total": 152.940018010966,
                                            "count": 155372,
                                            "self": 152.940018010966
                                        }
                                    }
                                },
                                "workers": {
                                    "total": 2.8574913971533533,
                                    "count": 156060,
                                    "self": 0.0,
                                    "children": {
                                        "worker_root": {
                                            "total": 2156.320804894698,
                                            "count": 156060,
                                            "is_parallel": true,
                                            "self": 732.9134341925674,
                                            "children": {
                                                "steps_from_proto": {
                                                    "total": 0.0004915999888908118,
                                                    "count": 1,