{
    "name": "root",
    "gauges": {
        "WandererAgent.Policy.Entropy.mean": {
            "value": 1.0044180154800415,
            "min": 1.0044180154800415,
            "max": 1.1030278205871582,
            "count": 12
        },
        "WandererAgent.Policy.Entropy.sum": {
            "value": 10044.1796875,
            "min": 8131.521484375,
            "max": 10865.583984375,
            "count": 12
        },
        "WandererAgent.Step.mean": {
            "value": 379985.0,
            "min": 269986.0,
            "max": 379985.0,
            "count": 12
        },
        "WandererAgent.Step.sum": {
            "value": 379985.0,
            "min": 269986.0,
            "max": 379985.0,
            "count": 12
        },
        "WandererAgent.Policy.ExtrinsicValueEstimate.mean": {
            "value": 0.7416914105415344,
            "min": 0.34578514099121094,
            "max": 0.7416914105415344,
            "count": 12
        },
        "WandererAgent.Policy.ExtrinsicValueEstimate.sum": {
            "value": 74.16914367675781,
            "min": 35.96165466308594,
            "max": 74.16914367675781,
            "count": 12
        },
        "WandererAgent.Environment.EpisodeLength.mean": {
            "value": 199.0,
            "min": 177.8,
            "max": 199.0,
            "count": 12
        },
        "WandererAgent.Environment.EpisodeLength.sum": {
            "value": 9950.0,
            "min": 7207.0,
            "max": 10106.0,
            "count": 12
        },
        "WandererAgent.Environment.CumulativeReward.mean": {
            "value": 1.462435177117586,
            "min": 0.7381472650117108,
            "max": 1.462435177117586,
            "count": 12
        },
        "WandererAgent.Environment.CumulativeReward.sum": {
            "value": 73.1217588558793,
            "min": 37.662269592285156,
            "max": 73.1217588558793,
            "count": 12
        },
        "WandererAgent.Policy.ExtrinsicReward.mean": {
            "value": 1.462435177117586,
            "min": 0.7381472650117108,
            "max": 1.462435177117586,
            "count": 12
        },
        "WandererAgent.Policy.ExtrinsicReward.sum": {
            "value": 73.1217588558793,
            "min": 37.662269592285156,
            "max": 73.1217588558793,
            "count": 12
        },
        "WandererAgent.Losses.PolicyLoss.mean": {
            "value": 0.24991487467541124,
            "min": 0.24478233664562313,
            "max": 0.2541615885674164,
            "count": 12
        },
        "WandererAgent.Losses.PolicyLoss.sum": {
            "value": 8.247190864288571,
            "min": 5.984537053886086,
            "max": 8.887111126398448,
            "count": 12
        },
        "WandererAgent.Losses.ValueLoss.mean": {
            "value": 0.005100054196963228,
            "min": 0.005100054196963228,
            "max": 0.026580204471792573,
            "count": 12
        },
        "WandererAgent.Losses.ValueLoss.sum": {
            "value": 0.16830178849978653,
            "min": 0.16830178849978653,
            "max": 0.9303071565127401,
            "count": 12
        },
        "WandererAgent.Policy.LearningRate.mean": {
            "value": 7.50001199494e-05,
            "min": 7.50001199494e-05,
            "max": 8.22347177653e-05,
            "count": 12
        },
        "WandererAgent.Policy.LearningRate.sum": {
            "value": 0.0024750039583302003,
            "min": 0.0019736332263672,
            "max": 0.0027884003782670005,
            "count": 12
        },
        "WandererAgent.Policy.Epsilon.mean": {
            "value": 0.17500009494949495,
            "min": 0.17500009494949495,
            "max": 0.1822347,
            "count": 12
        },
        "WandererAgent.Policy.Epsilon.sum": {
            "value": 5.775003133333334,
            "min": 4.3736328,
            "max": 6.288399666666669,
            "count": 12
        },
        "WandererAgent.Policy.Beta.mean": {
            "value": 0.0005000000000000001,
            "min": 0.0005,
            "max": 0.0005000000000000001,
            "count": 12
        },
        "WandererAgent.Policy.Beta.sum": {
            "value": 0.016500000000000004,
            "min": 0.012000000000000004,
            "max": 0.0175,
            "count": 12
        },
        "WandererAgent.IsTraining.mean": {
            "value": 1.0,
            "min": 1.0,
            "max": 1.0,
            "count": 12
        },
        "WandererAgent.IsTraining.sum": {
            "value": 1.0,
            "min": 1.0,
            "max": 1.0,
            "count": 12
        }
    },
    "metadata": {
        "timer_format_version": "0.1.0",
        "start_time_seconds": "1705871408",
        "python_version": "3.10.12 | packaged by Anaconda, Inc. | (main, Jul  5 2023, 19:01:18) [MSC v.1916 64 bit (AMD64)]",
        "command_line_arguments": "C:\\Users\\nidea\\anaconda3\\envs\\example\\Scripts\\mlagents-learn Scripts\\AI\\Config\\Wanderer2.yaml --run-id=3layerWander --resume",
        "mlagents_version": "1.1.0.dev0",
        "mlagents_envs_version": "1.1.0.dev0",
        "communication_protocol_version": "1.5.0",
        "pytorch_version": "2.1.2+cpu",
        "numpy_version": "1.23.5",
        "end_time_seconds": "1705873136"
    },
    "total": 1728.149564899999,
    "count": 1,
    "self": 0.016537299990886822,
    "children": {
        "run_training.setup": {
            "total": 0.15870830000494607,
            "count": 1,
            "self": 0.15870830000494607
        },
        "TrainerController.start_learning": {
            "total": 1727.9743193000031,
            "count": 1,
            "self": 3.375996903923806,
            "children": {
                "TrainerController._reset_env": {
                    "total": 6.984922999981791,
                    "count": 1,
                    "self": 6.984922999981791
                },
                "TrainerController.advance": {
                    "total": 1717.4382529961003,
                    "count": 119650,
                    "self": 3.457007396122208,
                    "children": {
                        "env_step": {
                            "total": 1412.5708139997441,
                            "count": 119650,
                            "self": 1276.046707696427,
                            "children": {
                                "SubprocessEnvManager._take_step": {
                                    "total": 134.23751829893445,
                                    "count": 119650,
                                    "self": 9.109626005141763,
                                    "children": {
                                        "TorchPolicy.evaluate": {
                                            "total": 125.12789229379268,
                                            "count": 119086,
                                            "self": 125.12789229379268
                                        }
                                    }
                                },
                                "workers": {
                                    "total": 2.286588004382793,
                                    "count": 119649,
                                    "self": 0.0,
                                    "children": {
                                        "worker_root": {
                                            "total": 1717.1669820982206,
                                            "count": 119649,
                                            "is_parallel": true,
                                            "self": 596.4655436001485,
                                            "children": {
                                                "steps_from_proto": {
                                                    "total": 0.00034069997491315007,
                                                    "count": 1,